TS,V1,V2,V3,W1,W2,W3
1511645400,237.23264033624386,239.69037758434143,237.4167376262196,0.0,2.3809158007299995,0.0
1511649000,234.03321533040776,238.4073985009273,237.901652501281,0.0033018174767499996,30.837113635044414,43.45526760736982
1511652600,235.62418118094803,238.1098029944767,236.50142372399208,0.0,361.67839592632413,27.115111198425822
1511656200,233.7217023434869,235.5379077745436,234.04967339556072,0.0,374.03047085447156,28.856395810443846
1511659800,233.46377602270337,234.08224064888984,233.20079454326554,1.8462971909846657,28.46700614929233,39.31647985458997
1511663400,233.3553832254538,234.83096360572225,232.35767981447842,0.0,10.803739948273,35.626486244199505
1511667000,232.85424909362786,234.3932412180186,233.17555204608186,25.563031047186833,75.3185971275984,164.5579793230478
1511670600,231.97935761946368,232.96798353927696,234.43105345504242,21.068555121123563,341.62119976296856,62.66820932389012
1511674200,232.40715575707637,233.7305805829336,234.73364876728297,0.041263844172166664,0.0,51.09871578216481
1511677800,235.340053750464,236.7863120209426,236.95555405650367,0.0,0.0,28.64989238739033
1511681400,236.55898942340943,239.49722395550518,238.81378137302138,0.0,0.0,16.856530863443503
1511685000,233.87588266504247,235.0819917142056,234.87621255068345,0.0,0.0,26.48146532694317
1511688600,234.9178655698602,236.09100104360883,236.3170904163868,0.0,0.0,18.520603815716502
1511692200,236.6046139407376,238.10077847568292,236.92875512852982,0.0,131.69908609072215,82.22964641571241
1511695800,236.13841838734817,237.55820796625667,236.56184087627489,14.510381304422332,58.60537629445634,67.05812025706386
1511699400,233.93328121095357,236.17483214445642,233.94621565175282,4.289192701974999,62.30049667359548,27.049255892442165
1511703000,233.4864248183852,235.7592821580214,234.5940874885081,0.0,51.987269573212195,40.655739936837655
1511706600,234.3956729315777,236.6118609571788,234.94759321459824,41.96074579239251,49.25557261784969,153.7285009511383
1511710200,236.79504201253997,238.90805511474449,237.84198710122658,71.73233311971384,254.29688461302774,88.11828959146827
1511713800,233.7638711606153,236.40775782625354,240.50485970940483,8.229136674950366,269.4861257320429,29.008356583922506
1511717400,237.2270786304258,239.9876414332047,238.32868780875881,0.0,532.9098400370182,37.82859527588018
1511721000,237.01738109466956,240.75247114299347,238.12157663051622,0.0,330.721481240569,48.15481034596951
1511724600,237.56240649361808,240.9440726981481,238.07211118448774,0.0,26.710251954395485,41.82607021331586
1511728200,238.59585989497532,241.85619359899482,239.09214628241483,0.0,23.9438313865645,42.165360158283015
1511731800,235.07385438953025,240.05341613550362,240.59555170801926,0.003146959940593334,24.237020339866895,26.99479083378683
1511735400,235.9753756085263,238.45744221498526,236.3077100654169,0.0,459.042657203711,28.21084239959316
1511739000,232.71807319697533,235.09687080813453,235.7478762422949,0.002462822496891666,420.31750899358013,29.314802157081655
1511742600,230.7165627579216,232.8543741482119,235.86320099330447,0.0016682809342966664,34.68826700397827,28.381137323376823
1511746200,233.0845437601361,234.64892038357132,233.26840510985718,0.0,17.911928997039993,33.374506975806504
1511749800,229.4353023430224,231.07374734793808,234.82139776450884,3.0178577526907757,20.68960475663883,21.301869901021004
1511753400,231.99009263778038,233.07730663912852,234.39399350013832,11.702429533004162,159.53065021992694,39.43315397263084
1511757000,231.68378151305473,233.54669564842163,233.94389350215718,29.799855937956334,34.884248008729806,84.51837956745656
1511760600,231.39611332658265,235.2541270218483,231.93085296509255,6.425886916866147,0.0050097647805999995,171.69130964595323
1511764200,237.39408075871773,238.0793684194125,237.18163496575198,0.0,11.235912602742168,174.85217198690827
1511767800,236.0077140306677,238.03642180550492,236.95264210419202,18.054935029348993,502.50922480264967,111.10604685466929
1511771400,233.3878430971931,235.39309631346939,234.7000301725965,0.0,189.05032673201327,71.12111039161383
1511775000,234.15756018097736,235.5885236269972,235.24507089243312,0.0,480.5820658048803,40.51311506907085
1511778600,235.50399745022114,236.7919137029488,235.8834132833565,0.0,23.639603474935647,54.92044881819836
1511782200,238.18860531369728,238.87774922137268,238.294285542254,0.0,9.482197526296497,30.569428278588322
1511785800,236.8825670514286,238.38684125631428,237.2402278355143,0.0,6.928587379454999,4.662106310525166
1511789400,236.35229537067653,237.36526803408825,237.24190117332355,2.435714073185,12.30540177027117,10.599671859743333
1511793000,236.61953691754292,237.90014430454283,237.16812962131425,2.8903520933805,10.635453376774166,13.724598363253332
1511796600,235.66905736921882,237.28530740743744,237.12279462815633,1.187897001902333,19.991824061074993,7.305156898497332
1511800200,237.82263461024243,239.75639112069697,239.39647697678777,0.0,17.89097873687467,6.934222056075002
1511803800,237.50238283222592,239.24803801503228,238.26909612845157,0.0,35.56148984270668,3.4167348607375
1511807400,238.5268303656451,240.6139496833548,239.21566378683858,0.0,34.923105138160004,2.6907816187553335
1511811000,238.2320143536341,240.4266513730976,239.0115471815854,0.0,45.818388341265,3.353277473447333
1511814600,238.7836036681818,241.3133257085909,239.26250006938636,0.0,50.02159362792499,3.5040398915594997
1511818200,238.20026501740918,240.54324791645462,238.53607351129543,0.0,50.77636286419667,2.8329146957375
1511821800,236.1826303171396,238.2845867068372,236.14816213213945,0.0,42.69036504106766,2.1420930735271675
1511825400,234.61473659942226,236.55473259822224,234.67005852586664,0.0,2.6052458953854996,2.450118497213667
1511829000,234.06777655560876,234.03916002360862,234.47267747965213,0.0,2.5916893609365004,2.9705142084755
1511832600,232.80012607568744,234.1781603496041,232.98771286010427,0.0861860148111667,3.8573573048918335,7.992582877472668
1511836200,232.99137338010414,235.174068133,234.31576569872925,0.0,3.032551968893334,5.157783006030833
1511839800,233.07755950927998,233.15338043213998,235.42503814696,5.249495105744165,2.5139120292646657,8.3826724370335
1511843400,232.40352153779168,234.4378608067916,233.51354376477073,5.274453922907832,28.93755357107284,7.927031904854999
1511847000,233.79286785514287,235.6218965491224,234.71198661961225,5.091968005498,0.1597600873311667,7.322539068857833
1511850600,237.373605224632,238.23806994628004,238.558788452192,13.285227616627331,45.354358344074654,50.845357392631676
1511854200,236.05643642002326,238.15238497647454,239.5689092740037,36.195848033081,542.3627731612322,133.91920168557417
1511857800,233.59870648424862,234.98780758595973,234.17030446054298,20.679718163808488,33.88530268191915,104.12092803955711
1511861400,232.97344629129918,233.93016214632854,233.51997563073013,0.0,861.2411937268466,38.58777721404117
1511865000,233.2779067455916,234.35217159626882,234.302713202371,0.0009156816204383333,27.578011364640183,30.839124507905343
1511868600,236.54624774381352,237.4254666734662,236.8747945224149,0.0,19.07433855692667,49.593153982160494
1511872200,236.52685907384966,237.8561561500571,236.46269664833682,0.0,108.02381688117603,53.956157925921815
1511875800,237.47970184937114,238.9929900230747,238.3622278077351,26.238020922349335,215.87508291879445,107.32919465382714
1511879400,228.59795793113383,235.51514352523952,240.7488261053839,87.32593900909612,208.8245885533199,109.39210362118443
1511883000,233.67955306590926,236.8078697804496,236.13457423458317,8.865949874669191,340.6569221299762,59.16050960539651
1511886600,232.62480683705104,235.27376341283832,234.90834154402447,4.994177999148064,306.47606663806243,36.81395620981781
1511890200,236.4678461651304,238.5806784144157,237.315121964359,0.0,530.649076709718,38.86419049581484
1511893800,239.1418937278941,241.01423172603316,239.09469321548505,0.0,702.9055812327143,36.63033458710016
1511897400,237.20854628048474,239.20857274254476,237.22497376095555,0.0,682.1099187215821,34.06781355539817
1511901000,238.54403519789398,240.8588566053941,238.35467589926975,0.0,369.9702389971852,39.689710172017
1511904600,239.81588633962397,242.07082182524846,239.2204935187732,0.0,36.16440046946246,39.38720727284718
1511908200,238.16472951624658,240.24847055902836,237.82795763331958,0.0,35.565862191518484,135.5981657536782
1511911800,234.82782751432228,236.808503487801,234.81207103318107,0.0003832459201416667,34.60734739869975,71.10316819510498
1511915400,233.44922573198826,233.21902298252255,233.4951529606089,4.637408949534668,31.2077372392027,67.93024319965201
1511919000,225.88687843430242,227.46969647583225,225.64072618454458,10.48804385674491,28.35809885770111,47.64011672337802
1511922600,233.05010590259732,233.58098116094175,233.80623011024983,0.0,252.77101819991887,94.60194358506715
1511926200,234.1336904126542,235.479389634244,235.36130949507478,1.6133045832319999,129.4781232341071,59.239034058246155
1511929800,232.14435080152214,235.19168341336652,233.838534530726,16.792079416911157,45.27830552417934,67.72251900991984
1511933400,234.0008228581109,235.1817460305581,235.67021803610558,17.39253863016117,4.649462305704666,58.8764009284895
1511937000,236.69899089910805,237.94726046998642,236.73342503732437,0.0,3.336435464223167,6.978867985408336
1511940600,238.58497222904003,240.66155578620004,239.53847503664002,0.0,17.412900791164,3.111512711842167
1511944200,234.36935227919352,235.99685767393555,234.7840315295806,0.0,9.847037625312167,4.237666924793
1511947800,233.6308979988125,234.65891218178132,233.80799055103125,0.0,48.58215112050549,3.0123309071858335
1511951400,234.72665863036664,236.1311894734666,234.23122609456672,0.0,6.881909650162667,2.3683372624713344
1511955000,237.28126033658063,238.69960957190327,236.99755760938703,0.4660012753805,0.8631118647261666,2.3093274688718335
1511958600,236.48426208500007,238.17736256916672,236.76232554113332,0.16722774823516667,9.340190989176666,7.049322408039
1511962200,237.2085489909,238.9370132446,238.7305394490666,0.3246602567038333,10.129107659658333,17.125158030193337
1511965800,237.425805861,238.8876810381936,238.95280604200002,2.5168694400799994,11.616313629155165,3.419117940269666
1511969400,237.92918904630005,240.04948984786662,238.7959889731,1.1057177829741667,17.49954073588,2.7739939975751664
1511973000,234.12492319743336,236.25555877696664,235.47423909506668,3.7481997044866673,24.612161216736002,2.426492996215667
1511976600,234.0553497315333,237.5036677043,235.19872182213334,0.0,10.330784912107168,1.9003081893921667
1511980200,236.6698364257333,239.72017618819999,237.26084391263333,0.0,11.144208068843334,2.609295717875167
1511983800,238.2555440267667,241.07602030439998,238.2983739217667,0.0,11.214063364663334,2.2658186340331667
1511987400,239.22101542156662,242.29401295983345,239.78294932036667,0.0,4.322245496113001,2.1387418874101667
1511991000,236.1250691731001,239.58508351646668,237.1506271362,0.0,33.03078006107317,2.1010257212331656
1511994600,236.5355840048,238.51595662423333,236.90209452316668,0.0,32.96631371816334,2.0922318649295
1511998200,234.5326919556333,236.7330022176,235.46400146476662,0.0,1.7346718724573336,2.2511539586386666
1512001800,234.16286611549998,233.78505325318756,234.48056459418754,0.0,1.8362046686808333,2.1159995651248336
1512005400,233.2421452112857,233.88730730331432,233.9090676443429,0.204190076192,2.9793548043546667,2.1389345455166664
1512009000,231.9517901020645,234.00885846538705,233.8813801427742,0.0,0.0,1.7698852793368338
1512012600,234.4610102335333,234.8437683105,236.17762603753337,0.631511592865,0.7990762901303335,3.4363503170013328
1512016200,232.83051910403339,234.68977559416675,234.61919250486665,0.8657172203068334,0.5364114761341667,5.6035720443756665
1512019800,233.87615152990003,235.5640696208,233.95860239666663,0.196828778585,0.6051625760391666,10.055431976318333
1512023400,235.63494110110005,237.2125010172334,235.80480397533333,1.7981649271649993,17.93667421340866,5.601182314556331
1512027000,237.04195302326661,238.67799479169997,237.9142298380333,2.434911565781,16.238605066942505,2.7893109130859988
1512030600,232.59834584887096,234.4643072313226,233.6761656730646,1.4816107972463335,20.592629820506836,2.4429742813104998
1512034200,233.5882814468065,234.98774128577412,234.70582925112905,0.08163154602049999,22.488836599968494,2.4372872670495
1512037800,237.54196624753337,238.8487986246668,237.38394826253327,0.0,0.6332729148865,1.764544041951
1512041400,235.80603790290002,237.36456400556665,236.02991892500003,0.0,0.4785839271545,2.8539161745701667
1512045000,233.31925964364518,235.187174151,234.0868805916451,0.0,12.576167755126663,5.159366645814502
1512048600,236.8780684932581,238.6144320579678,238.7013175718064,0.0,16.708835881555,7.018062871299832
1512052200,237.6322952270666,239.34890747070003,238.7949335734666,2.5479626019755,20.233075408936674,9.130756263731667
1512055800,237.87175923,240.17766054216125,238.96635830793548,2.5886773904156666,19.47315409342167,13.697382736211667
1512059400,235.17342529286663,237.42344360356662,236.12309722903328,6.014557959240667,11.204298032124832,7.126290321350001
1512063000,237.7425816854,240.3145996094333,238.16640828443332,0.315996249517,12.349316228219502,6.4252986907965015
1512066600,237.9697291056,239.759262085,237.88513641363332,0.0,36.29664031347883,4.995518582663333
1512070200,238.8150137624516,240.9042801396452,239.14123879712898,0.0,34.959712931311664,3.269835154212333
1512073800,236.28750419615625,238.52384376515624,236.93322801578117,0.0,34.99356435141667,2.7251452509571665
1512077400,237.4391843734517,239.51270269574192,237.7517567296774,0.0,34.141967366546666,2.379228706359833
1512081000,237.40134429918746,239.65021610259373,237.79616641996867,0.0,12.415830364236333,2.560654945375167
1512084600,236.0814524004838,237.974984938,236.05185920954847,0.0,1.7982861010233342,1.8430700556435
1512088200,233.65734955754544,234.87726199993944,234.5279439290304,0.25104964892066667,1.9191890462236665,2.670213139851167
1512091800,233.39193248743751,233.55335092553128,233.24598979943752,0.13863083839416665,1.5048219490048333,3.8090893650071673
1512095400,232.89813639333332,234.48064727786658,233.9475301106666,0.5144376881918333,19.28869857787667,4.633620777130998
1512099000,236.0828645768065,236.46725070090324,236.67261382074193,0.45699295679733337,2.8090582577392156,3.862543951670334
1512102600,232.85047353103337,233.91475779216668,235.4018819174,2.6832731850954996,1.4295074081413335,4.2783015759805005
1512106200,233.81002315403217,236.56241238487098,236.69930390393554,0.6893609364816667,0.31992251078283335,3.464103705090334
1512109800,236.13815258396775,238.37782730593557,237.538217359871,0.0,1.5629895846051667,6.6963085047424995
1512113400,236.8468647618065,237.41424363654843,237.384707051,0.0,10.016558774323835,10.090056559246666
1512117000,232.9629572551001,234.37766876216662,234.04846089679995,0.0,39.68199832599819,3.837770182292833
1512120600,232.0155152350968,232.8690608854839,233.1185681743549,0.0,24.455801278779667,3.1598007965086667
1512124200,232.55022110477418,233.31108191709683,232.61917951032257,0.0,49.88313168843165,2.640441182455332
1512127800,233.39054972323342,234.38713328043332,233.3797419229,0.09163445790600001,10.360482641843998,2.2322944800056668
1512131400,232.1996853735807,233.70629735151616,232.3528107673549,0.0,1.76038248698,2.8015155283598325
1512135000,232.6431174278437,233.74337959287502,233.9964413642812,1.4731313705443332,15.548817888896508,6.785168209075833
1512138600,234.5034809113125,235.87742328640618,235.9161338805937,5.315700581868834,15.066998252860504,7.264713045753666
1512142200,233.38607698323528,235.46543974035302,235.4801703060588,3.125164076487001,21.996056365969995,6.9296706136066675
1512145800,234.94218096051438,236.91923828125718,236.33027823320003,1.1966708087923335,13.390679143271166,4.507854983011667
1512149400,237.9289895193714,240.3069431849428,239.0018846784,0.0,17.529782396960336,2.8492244593298324
1512153000,237.1722286448529,239.77647803817646,237.75246608961763,0.0,50.80906773884166,2.965645624796833
1512156600,238.54540275803032,241.536018140303,239.50493644936367,0.0,38.107225570691675,6.966281598408333
1512160200,236.46433639521882,238.80551528940623,237.15325212471873,0.0,33.4142098617285,3.360610148110333
1512163800,237.21451568606662,239.65060068769998,237.669325765,0.0,9.2045762825055,2.340911992391166
1512167400,237.57429209074203,239.85962209396772,237.6375181136129,0.0,12.235983524328663,2.120014317830666
1512171000,235.8818593025,238.1463203430938,235.96670722956245,0.0,1.8596063741045006,1.9752670923881666
1512174600,233.7634140014333,234.94834086093343,234.44706878666668,2.1271618588766668,2.5830871709186662,4.126890274682168
1512178200,233.13642932522583,233.8697278421936,233.41315435593552,0.7986315155031665,1.0967347081501666,2.3792943127934993
1512181800,225.0872252305682,231.45074717196658,226.23015492759998,0.211785388464725,8.90600065887166,4.505857560636184
1512185400,234.14310381490327,235.1004412251936,235.3745353452904,0.2139607747396667,8.60982026259183,3.901443990072333
1512189000,232.12599034461286,233.9226630426774,233.66500657596782,4.092681738537833,1.807014643351167,7.1699767716766685
1512192600,235.6495597593871,237.24946791116128,237.07200917896782,2.6386984316506665,8.871058797833234,3.5167450650526666
1512196200,238.08281351733336,238.1386728922334,238.8825658162,2.214188896815,0.5056607389453666,5.792529894513001
1512199800,238.52892278858062,239.36752417777424,238.7358009584194,4.262362454731334,15.954276841488669,9.949990145368334
1512203400,235.37367445429032,236.54909293883875,235.92624245922585,2.4115799077353333,11.682116839093666,7.448270619708331
1512207000,235.81943733467742,237.3637931577419,236.30274028167736,2.7218856557213336,9.444932753246,6.724479395551666
1512210600,236.66045684806667,237.3428568522666,237.3580174764001,3.0036555417375,45.308947143556345,3.574750645953167
1512214200,237.25877714153128,238.57426881796883,237.14357280731247,2.670297412872166,1.4002960268655,22.51778363545234
1512217800,236.1328750118709,238.02345571209682,237.13006296461293,0.0,1.1234107367198334,4.6773380533878335
1512221400,237.14079186229037,239.47914664983875,238.8842168007742,0.0,8.478471781415834,9.880426597598335
1512225000,234.4622258504333,236.11352895086662,235.3552195231,4.305502408347,0.7327756214143333,7.611182352701835
1512228600,236.64609355309682,239.26742652148383,238.37995221538716,4.880655434926,8.569440352123165,9.292084890993836
1512232200,233.91567107167742,236.96335872522582,235.5379230129355,6.187426872255,2.4386879253383333,3.563709354398333
1512235800,237.4755298245807,239.80624241974186,238.49875862370968,3.1136708831801667,17.300829798380004,3.324050203958
1512239400,237.76806779339398,239.8255471894849,238.7125859116061,0.0,19.13509653727167,8.152207940428836
1512243000,238.70812151506442,240.65629676077418,238.43788294638702,4.398417345684166,15.685330149334998,91.67815800983665
1512246600,239.520127773375,241.57568359371868,239.40038108828128,2.698078899384333,15.343185755411666,92.17399833680669
1512250200,237.12345933921875,239.30698013306252,236.72210311890632,0.12111869812016667,1.8679895019550001,86.934899546305
1512253800,237.21837361658334,239.3716490003611,236.62765714863895,0.0,0.0,85.07143686932335
1512257400,235.70630421352942,237.74597616758828,236.276132022647,0.0,0.0,4.678440272015835
1512261000,235.16408583705882,236.7252722347059,235.59945005529408,0.0,0.0,4.121246770221833
1512264600,233.20198552744117,233.49731265802941,233.6091963824706,0.0,0.2217891565958333,4.222223002116002
1512268200,233.50833485919998,234.09145202630006,233.10726267500004,0.09633701324466667,0.20788045247383335,4.370415147148502
1512271800,232.37941028235488,232.68625025587096,233.72050476080648,0.3645492808016666,0.112654021581,6.843243840533336
1512275400,233.0643849690667,233.92236124666667,234.92512919103336,0.733642126719,1.6943144416829998,5.640118312838501
1512279000,236.12532472609374,236.96259832378124,239.01988315584373,0.31490939140316665,17.077853442824633,7.679968064625668
1512282600,236.83386484789997,239.37499694829998,238.59394073486675,1.2882545598351667,6.538177577649,4.329408512115501
1512286200,237.9083719889,237.98115234383332,238.95161336253327,2.2848113187151666,15.981818834928333,7.974239489231667
1512289800,236.58183427290908,238.70404098972725,237.83211725412124,2.887515362105,15.007950363159999,6.8544081274665
1512293400,236.66945820467745,239.03818831900008,238.00013339119354,6.6573449961349995,3.4367934163416667,7.478173847194501
1512297000,236.73763418190623,238.3288931846875,237.50579690934376,0.7273503875740001,65.12505498249499,5.856563485462835
1512300600,236.65979200783866,238.15069481629035,237.4783443327419,0.0,23.632766316726652,3.6640665690113328
1512304200,233.47016759077422,235.25963814022583,234.23314986693543,1.5470574951171667,17.72581258138,2.2939219919830007
1512307800,234.4197102208387,237.37705796761293,235.9984032415807,3.655178807576833,24.651420796716664,6.5157627614306675
1512311400,235.5643379458387,238.4349276634516,236.4837523429032,5.307234299975501,9.90809382756783,6.293308194478666
1512315000,233.79505428193542,236.0290404288709,234.84369191816128,4.3775077788045,19.25548820495834,4.742237208684
1512318600,235.40320539468755,238.08908176421883,236.449403285875,3.999417139689167,17.005013275148332,2.78901716868
1512322200,237.99420166015148,240.42235911969692,237.76094378848487,4.1268277231855,1.0894483757026665,91.10510375978066
1512325800,238.09634445648487,240.15121182530305,237.90374385963642,4.0314097086585,0.0,91.28667620342833
1512329400,238.70043727331424,241.44669625414286,238.41370762420001,3.673963654836166,0.0,91.50704650877165
1512333000,236.81143312191898,239.23480348324318,236.6129352466216,6.0471974945053315,0.0,103.05374900811665
1512336600,237.60082499187183,239.98790760525642,237.2345526278975,4.998518371582,0.05409753799433333,95.99668273924003
1512340200,237.62973531084614,239.8754964975897,237.61877950028202,0.020070827802,0.0,42.51046642305349
1512343800,235.77136113094872,237.80585968797433,235.98743067025643,0.0,0.0,8.312244408922334
1512347400,233.53051480378795,233.73335497309088,234.02988364484844,0.0,0.0,4.323948173525167
1512351000,233.4512201945,234.92345968877083,233.64684549968743,0.0,0.0,9.871933415728
1512354600,232.3542766961021,234.19806406459182,233.89067575883684,0.0,0.3030978075661667,6.563164126079667
1512358200,232.49926535289586,234.00907262175,234.58579285947914,0.12852773666383333,1.08326212883,8.990154952999335
1512361800,232.68092346186,234.74759857176,234.45423461912003,1.3448235956828334,2.7223903528865008,10.315960076648832
1512365400,232.72890339726086,234.47087495223914,234.54238327689131,1.9350707562763338,13.394042231241665,8.299331665040999
1512369000,236.02229987248887,236.9985860188889,236.48196445042225,3.3746650632221664,14.066140468924836,3.568721466063999
1512372600,237.32832407402336,238.82758881323247,237.25015791079065,4.935424127579,1.3373987913131669,19.184345636364665
1512376200,233.06986644655808,235.04414616069766,234.984011982814,0.357649978002,60.134468129450504,25.35496247609784
1512379800,232.76486816408885,235.1079579671333,234.65315077042226,3.9703268496195006,13.111951187449,5.195124104818166
1512383400,234.08907741966667,235.1677442762444,234.54975043402226,1.9731191158298331,77.51797678628336,2.9276952616371665
1512387000,235.42157514706975,236.24444438125585,235.6250060324651,2.416979271571333,38.405808429725994,3.1604898707075004
1512390600,235.41828553571742,236.7268530804348,236.18638046928257,7.211818542484503,19.1789640553815,10.228381506603
1512394200,237.3549126913256,238.9634850080465,239.12070766727902,7.981668663026997,14.446744616829001,7.475189224881838
1512397800,237.53874336404263,239.92536309427646,238.15303981053196,7.462737776436834,16.573706086480836,10.435108642580165
1512401400,234.82675205572724,236.37382992836368,236.2686368769546,4.839237041473665,18.95417523066483,10.910276145935665
1512405000,236.49555496940482,239.29913221085704,237.4750384376191,5.782725251517833,3.2908918603265,8.164256464640333
1512408600,237.8457346829545,240.7988413029545,238.8154785849773,9.156705360413165,2.1080919774361666,7.942191518150671
1512412200,238.46434229070454,240.96783031118184,238.17856528538638,2.3020637512204996,5.813392213186668,113.59787137351003
1512415800,237.84732891264287,240.78492555166667,237.5765315464524,5.326521708170335,4.491060256958499,108.48096697485664
1512419400,237.02313196092862,239.63728877466656,236.86510467533333,6.976072883608667,0.0,110.40211135865337
1512423000,238.113323832721,240.24253312930233,237.86109604946503,5.394764194488834,0.11347035725916667,103.42963038127336
1512426600,238.22483350957776,240.23521355522232,238.0737436931334,0.0,0.0,58.887954788188324
1512430200,236.5329149823024,238.23043432906968,237.19844587453483,0.0,0.0,5.604110590617833
1512433800,233.8009456511935,235.56678722751613,234.26985316129037,0.0,0.0,5.411684481304833
1512437400,232.95820799326188,233.92210642495243,233.12245977485713,0.0,0.0,6.937019316354
1512441000,232.00666525195342,233.04595876290696,233.6898282073024,0.0,10.792728118893667,10.437744363152497
1512444600,235.28925688373917,234.93627398947814,237.15414428708687,0.8225337123871668,13.024082670212833,13.218340682981669
1512448200,233.63181922552383,234.24992988230954,235.38639395578568,0.6353771591188333,3.564346650442832,7.093274542487834
1512451800,233.67451913016663,235.44828832721433,234.34435235895242,1.2048956489563336,1.013093115489,8.340455487571168
1512455400,236.6726443268837,238.06698395483718,237.4081804142326,6.997180684407664,0.0,2.6601795705161666
1512459000,232.35291208529046,236.3750573862826,238.99180370828262,5.1340359864114316,45.81990451294606,9.66071180343633
1512462600,234.2876695905476,235.948323567762,234.90143294557137,3.397114114761833,17.5532206026705,13.022582244873334
1512466200,234.3307604108333,236.19217609223807,234.73417554588102,4.1747733116155,2.5163480186466667,4.3729803593976655
1512469800,234.4172519418372,236.1482976868838,235.01770800218608,6.014523493448998,2.642599455515501,3.5183976236974996
1512473400,234.41461944576085,236.60523190702182,234.96049599036957,5.979571348825501,16.758910611469332,4.160430297851167
1512477000,233.0709461030238,234.10978953042863,233.72116197857147,5.787735862731998,24.739316253656664,4.8220132414518355
1512480600,234.52373411595119,235.8829349424633,235.53104456463416,2.351546796162667,11.291683855055666,53.209448699945675
1512484200,237.70382794472718,239.46143826570446,238.74595850168186,5.057606728871832,0.0,21.391867230736665
1512487800,237.70827056136585,240.3636694187805,238.71086232253646,7.267566903429,14.836654980976833,15.050179011030002
1512491400,232.90494918822228,236.50613106619446,234.76878950325008,7.046065533954999,20.535403569531667,17.299138997388997
1512495000,234.00177424507692,237.02280414287688,234.71609473595382,12.468150736487665,3.163675731023333,11.365182259876834
1512498600,236.47972679137496,238.95438365937497,237.0371711731,15.043295313522163,4.633997971217333,23.59081848781
1512502200,238.66561612218186,241.02329462227272,238.5145943380909,2.1681164805083326,0.0,29.429863128649988
1512505800,238.868988037125,241.35009193412503,238.956119537375,1.237522392271667,0.0,23.862162907906665
1512509400,239.3063646435609,241.79843681357997,239.3039721563849,0.0,0.0,989.3130326081446
1512513000,236.08095504343305,238.3660957826164,235.73582335307685,0.0,0.0,1345.9645473987991
1512516600,234.14583433377015,235.94308996202386,233.29764066024455,0.0,0.0,1370.0850608063952
1512520200,232.86856770118854,233.9391717540517,233.62155216239572,0.0,0.0,453.3065096982874
1512523800,230.59402847525254,232.67885486919602,233.85798489051936,0.0023579327265416668,0.007073798179633335,105.75834851265432
1512527400,232.1487623987325,233.69332557866935,233.30303546497888,0.0,4.797173277537001,78.62399507523239
1512531000,232.5857848867847,232.86002788893697,235.31558596987733,3.5223439852395004,165.07157349267757,180.7914659182126
1512534600,233.31456306334584,235.27871356400348,234.86817059126227,21.67656185785884,45.4544733365425,114.35520528793985
1512538200,233.1917560728028,235.044654545025,234.87194721321723,56.838673289612345,0.0,146.22670799255425
1512541800,235.66928075048742,236.33209921227012,237.099830818983,1.5603265396758332,5.374991346994836,138.29869401297313
1512549000,235.08988938504623,236.80706306746305,235.48471662733337,0.042799715995833335,56.665669631961684,34.31727002461998
1512552600,236.13615743665932,237.4537236586864,236.59558923697293,0.0,242.91019697189117,117.10141610463033
1512556200,232.99160385718983,235.27443104765499,233.7312857077864,0.0010758583992716666,791.3986244921183,129.01044111092162
1512559800,234.68258786169457,236.8363343680017,235.13494278874043,29.44743015351299,561.045300996966,140.85800307909273
1512563400,233.15102939578404,236.593936787682,237.6767137656452,86.60013398467738,263.7465157513806,73.84527043977927
1512567000,234.60145020058488,237.84525250256317,240.0234224085996,82.0245374279279,190.26136986971864,625.2866924794373
1512570600,235.17246700205285,237.56631414036136,236.38894731285203,43.83381227175333,209.65552089052653,203.82045835495248
1512574200,236.8919318149768,239.76093854695262,238.82102601544702,97.02727258597749,143.92219055732463,256.9158706919039
1512577800,235.78012751662158,237.4726159132357,236.50162490763643,81.6381493345948,332.27331886290756,128.12295183817264
1512581400,237.9735454967804,240.64967360037025,238.4496248663956,63.776529652288225,170.88102644286457,92.44332675297437
1512585000,238.45199092027917,240.69077659649383,238.9835486714901,98.59319723765215,544.2437040138065,131.01287921905828
1512588600,236.73721891588505,239.1302508300276,236.9741750970854,99.22378840129069,264.0593938573429,57.95404516855484
1512592200,237.79281025277638,240.1885706953619,238.3201705932656,88.64834130605549,538.6013998921761,123.63825294492996
1512595800,236.53794649818025,238.8751621038403,239.4506976318528,67.63438904351703,507.8404854675105,426.09213151935
1512599400,238.91425648878783,240.9757955450892,238.1602297469546,0.0,496.257290573125,1280.9683548990595
1512603000,233.50787765035423,235.24861120092166,236.58899360560437,0.0011429537336031669,161.08015426481626,1071.3469781954218
1512606600,233.99567211089575,233.71151632973658,234.09752232415883,0.0,31.05759386698284,877.9916681417318
1512610200,230.5306444815093,231.35166486451183,234.57683570180538,0.0009576467672999999,37.77813207348282,304.82733270330795
1512613800,232.34396768094888,234.0473644207851,233.04231520691624,0.0,4.177547909418335,75.92982678731829
1512617400,234.48672651811637,234.28852367053813,236.97381844261292,0.0,177.52546457929185,117.62749286012925
1512621000,233.86978124444929,235.2753714266708,234.9163553133799,13.392647733688996,25.531458098091502,127.64668255488436
1512624600,230.51215034570862,234.2564089683268,232.311548444174,37.38485913850534,17.695941195784748,157.28245693046262
1512628200,234.8631308637976,237.75090966709084,236.33822441099454,31.244075335459858,0.007389909625055,132.18542105197116
1512631800,238.46737493161086,239.59183765705603,239.6319936300599,0.00091914097468,748.5906986865582,104.5977966817299
1512635400,235.03380784168723,236.1423172471189,235.80920125623595,0.6514197413125001,151.9636347564077,179.8275068283178
1512639000,235.03961364084626,236.49981426846188,236.02306288569724,0.0,185.61349026996695,113.28581948597983
1512642600,235.51096194178902,236.0711299549546,236.0443349109801,58.56222748120815,390.4373590087934,60.499887301126485
1512646200,236.7779877207423,238.2179253884464,236.90038702493092,56.93054350852801,372.6685680643815,78.54794028916851
1512649800,236.31063950136618,237.92992747159042,236.80958231942074,60.7071242553996,216.87939645161785,76.4119301700556
1512653400,236.7277274014676,238.07181122572612,238.13534810970157,66.88493563969466,237.56856298445757,69.21628115336999
1512657000,236.08309584395383,237.70719557544624,236.80091904858452,0.5036355845131665,27.99341864903616,28.941157887783344
1512660600,238.10080269066668,239.88833892035905,238.5201427753077,4.393258145647666,23.152801183066668,19.703098093664998
1512664200,238.06500387196877,239.71861743921883,238.43373155590626,6.7015114847818325,20.637047754921667,9.151265741986833
1512667800,237.64539920585295,239.97348920038237,238.0358603982647,7.195617955523999,11.344867630005,12.174449081421665
1512671400,237.61348562524242,239.48420622857572,238.0990138198182,5.825660190584501,41.206149749775,3.986498266856667
1512675000,239.25491382229038,241.0176593411613,239.84572675158057,2.6551039377848333,39.677751973481676,2.2944652430250003
1512678600,236.73801946643746,238.4719161987188,237.5272641182813,3.338668130238,32.40499603273167,3.3748183695508334
1512682200,237.0525731404333,238.5904408773333,237.13413747146663,1.1337764231383334,28.573406753541665,61.86889823912667
1512685800,236.23740362341943,237.95286363170968,236.27589514951615,0.0,24.640697962433332,61.05976361593835
1512689400,234.01626242361297,235.25849077777423,233.84001159654844,0.0,23.628126144405,52.035990753153335
1512693000,234.12003400251615,234.00356022003228,234.3881097609032,0.0,8.894307918543168,40.92229057315167
1512696600,232.342914212129,232.15817457635484,233.0778409895806,0.0,1.9471077156066663,19.461737149576848
1512700200,232.85576152793752,233.57038259503125,232.6405649185001,0.0,1.1898466110233334,4.3236095047008325
1512703800,232.59247207625,232.04196039825,235.280146281,0.6864877065021666,0.9303685633345004,2.7168629582720007
1513150200,237.804590225375,238.311264038125,238.35130310062505,0.0,0.0,4.31272664388
1513153800,235.16553631952942,236.57296034867645,235.63450039135293,0.047117980321166666,13.795392201741667,19.627026182820824
1513157400,234.97282987029723,236.528868804027,235.34347121778384,3.6710800965629997,0.9816909933095002,5.132541961669835
1513161000,235.13724937445,236.16263618464995,235.61628341685002,2.0004919942226667,23.21060602826166,10.099337921136666
1513164600,236.4192684858718,238.13726571889742,237.57644927194863,1.807827367782333,20.697337697335005,5.6538977622980005
1513168200,235.2889482652432,236.8213439117028,236.55256157951348,0.0,23.85374369303334,9.186968955993333
1513171800,237.67754082931575,238.84006379776318,238.1606168245,4.444565671286669,13.405856138863829,13.797646141053331
1513175400,237.7053567986579,238.5944133557106,237.903895327921,5.964498017628501,5.270951379138832,15.112220458978333
1513179000,237.29893573957898,239.23232590521062,238.16225714428938,3.778475681940835,22.08732930500999,10.575167338066663
1513182600,235.10834985031585,236.7839291221579,235.3046087967105,3.8404202302325,11.32063894271633,10.541583925884499
1513186200,237.896264818,239.61546325688892,238.28857379486115,3.992225573859665,22.906855214452,9.756843239470001
1513189800,237.97337455739998,239.9043819428249,238.237361526525,5.8710341262788335,42.65343582151167,5.4368813101428355
1513193400,237.92443886787186,240.54747674400002,238.74342267938462,0.6499424521128333,28.766329193116665,3.9160155073848335
1513197000,239.28830277302632,241.59361467852642,239.21255171926308,0.0,10.256103585559833,58.41666878703036
1513200600,239.66168734897374,241.71062188397363,239.69158011992104,0.0,2.2952433840435007,68.99502179468001
1513204200,236.34196231234216,237.7819506997369,236.45793714021056,0.0,19.431192022947005,48.596159108466686
1513207800,234.8794370084865,235.8254122348378,234.8501615782433,0.0,22.597488683065,53.16118326822334
1513211400,233.3325022647895,232.9722366332895,233.84511566168428,0.0,13.940277449298504,42.002729943601835
1513215000,233.19357661194732,233.5321000751316,233.9872203625,0.0,2.252391468684334,9.666646931968
1513218600,236.28949215536844,237.3221724660789,237.17630767828945,0.35419830322333334,1.6651513767235,10.653830324806336
1513222200,234.29353371651283,233.1225296411539,235.7921201265385,5.917972819010165,8.704810326891696,9.463737691240333
1513225800,232.5113098927437,233.03106728571797,233.91452691494877,4.199797178905333,12.3875779724085,8.144508018497168
1513229400,230.78869285577503,232.9738159180499,233.19109649665,1.1246304194120003,0.6375425338745001,7.902119661963334
1513233000,232.9782156693684,235.50560961271046,234.91338709792115,3.098583259582833,0.0,3.9981756846133334
1513236600,237.21598695455268,238.1478777433159,237.7328443025,1.3512370713548332,15.2036450513275,7.663494814235502
1513240200,232.91653468240682,233.4815487618644,233.68293012200004,2.227663129170667,29.804164810179657,19.975268818525667
1513243800,234.2167735851315,235.47432186739468,234.6729178177895,0.9436339823405003,30.41496031444286,7.294683704374002
1513247400,234.49829766679485,235.75172385192303,234.96521387346158,0.0,63.94545883178334,2.2067694473265
1513251000,235.54375939618419,236.92818210010526,235.9605969880263,0.0,5.02650961717,2.3941338475544995
1513254600,232.31108454655262,234.10025988128947,233.01770059694738,0.0,0.0,1.4190395991006668
1513258200,234.25582600563828,236.26222117895173,235.9875669386798,25.67463184992251,244.2769389343262,33.42972701390567
1513261800,234.635263554021,237.64540503264595,238.7177709736919,58.34793526892597,160.85666984479138,147.4037604077478
1513265400,237.9703197304792,240.09558071994502,238.7854742018868,79.35882415772673,246.0026380093952,705.2405227407013
1513269000,237.15064346898183,239.81564339424304,237.90002346561783,57.80694410959725,164.82087923049662,173.65521780648993
1513272600,233.9398836572586,236.08734993674526,237.41396326234928,77.03737345387594,7.254886372586309,187.43056183814596
1513276200,237.7764095885192,240.06388073909142,238.36978512054463,12.018612664541166,57.752815608979716,122.47739376067594
1513279800,237.33917754941933,239.4431678450948,239.2856289935046,0.04876890525216333,340.15719113302276,943.9734310960888
1513283400,237.2435708985693,239.1511726936152,237.49585386956392,0.0,561.0391598510533,833.1548453775395
1513287000,237.94914997366484,239.6503896189341,238.0178796677343,0.0,496.7150008392228,713.6228280893594
1513290600,237.5513067123025,239.17777592371382,237.54542846679985,0.0,314.13394916543507,719.638938573091
1513294200,235.1552564095491,236.5575231192986,235.52717167397816,0.0,32.012457383474484,718.4736806486977
1513297800,233.8120115241967,233.93374883933518,234.24244525956482,0.0,30.854623839061514,195.4108609326781
1513301400,233.38286151644647,233.71529893824504,234.03771875730493,0.0,30.77648568471297,95.78664115906047
1513305000,232.75345565879485,233.82838013470771,234.379677663461,0.0,38.038044074378185,116.19838760376234
1513308600,234.7945407936761,234.04387553821454,237.00059098679247,25.101164840065156,139.3199388202066,113.16560091019227
1513312200,233.4210722766136,234.871825533798,234.98790527343456,15.44251038159026,55.37449340721343,98.66373683928407
1513315800,233.3548045373817,233.80044166608127,234.54824876009232,17.05873085975716,11.407279357909998,86.1208988634778
1513319400,230.6173298222009,234.29733632773718,232.05745346181928,6.38697430292843,21.052841339011703,195.71150312743973
1513323000,239.0958919525272,239.30983399652717,239.192019697556,0.0,566.0609025574406,146.3743386459367
1513326600,235.9747751093428,236.90937944144264,236.4840650714936,14.232840693789333,266.2519788964748,145.73873482702666
1513330200,235.29896570333955,236.47148952034303,235.6494254165808,26.204858713148507,28.50983184019895,137.42630292258136
1513333800,235.84832133898925,236.34307056774347,236.15211256546368,0.05447823206583333,260.7557344563487,112.84314844132219
1513337400,237.20650208517586,238.28258011307446,237.79934266684413,34.968926671345656,31.08175274531716,55.26870389939698
1513341000,235.98646205405072,237.34517783014854,237.3523690873461,0.0,11.258380190529499,43.79057593028132
1513344600,238.03698007683332,238.77422597231393,238.97309590250998,0.054428375561999996,171.67064309439058,205.28687413535218
1513348200,237.374033922736,238.7695212890305,237.22232356425846,0.0,185.33214250723145,245.82200144452648
1513351800,235.48019306987155,238.44732510936473,239.4214520739927,28.578879231411758,312.2126716071331,208.24911404930634
1513355400,236.29315604956798,238.30057366976123,237.24152775739773,29.473689705531317,265.30070129394005,161.0334293365384
1513359000,233.8962401238097,236.5875460306559,234.7049018749404,2.4185772196453326,48.85492075601507,157.925904947922
1513362600,236.4535061932752,239.1153543444781,237.25202651644943,0.0,393.8777009583208,158.24396990457925
1513366200,239.20509208457577,241.30350450156345,239.8286271026124,0.0,620.4160010274252,105.16803049724491
1513369800,237.2059140867028,239.0353525247568,237.37603636045768,1.0332434018455001,250.17027883522437,873.5105592218893
1513373400,237.85729133673507,239.7466004517801,237.70318336830456,0.0,33.152182858786155,950.4667866770604
1513377000,235.6805064081255,238.4294309375164,238.67724248561203,0.0027534158031133336,32.62784210453196,886.6350409190403
1513380600,232.99711637133618,235.83967043004884,237.0505237026629,0.004875900919238333,31.897965560256804,727.7979363503812
1513384200,233.76548362037812,234.92282762010345,233.6521816461853,0.0,31.54288985252635,712.2086623255325
1513387800,232.1344635624881,232.7870948625597,232.74328223517927,0.0008549999197333332,36.02085602074892,118.74495282488196
1513391400,230.22243323424374,232.62235728869283,233.7482845791965,0.0030072963734449998,120.30203556716518,99.55573050817472
1513395000,233.13050555403692,234.99275164672116,235.39557564776266,0.6595289305843816,408.64256207266243,132.1610198529473
1513398600,226.3443504943187,231.0994659368424,236.71558985502725,0.0076183282335599975,27.613399751789135,109.1043790658348
1513402200,230.03295380040512,232.62777574264982,235.37994852776973,0.004703735113143334,5.772188144127388,139.6452265819
1513405800,233.87334686921776,235.63443139674945,234.5917596749905,0.0,0.0,73.68062894184168
1513567800,231.59147757393143,230.8120513915828,234.54331542967438,0.05722960789999999,27.896511201860665,50.64107582093051
1513571400,232.39129064357186,235.00693368384125,234.14200651163463,1.068567616145,11.693074455261337,25.83360158285332
1513575000,232.63175954863763,232.69561100747575,233.63529510259556,0.0,0.0,204.58689449311177
1513578600,233.94205166042846,234.77825655251198,234.82273810248813,0.0,0.0,18.08583766937517
1513582200,236.460247142946,236.7417528306487,236.8684168634324,0.0,50.49099615732516,7.585671787262668
1513585800,233.00176300864865,232.98666216878382,233.08528013494592,0.0,16.285848234496335,8.484323482512332
1513589400,232.66300675664863,233.39632683840543,233.29641847354057,0.0,18.1462335713755,3.9078892230991658
1513593000,233.40589262310527,233.9569734272105,233.34913755718426,0.0,2.2329190063476667,4.438966929113165
1513596600,235.4075527706757,235.82749444091888,235.5603414999729,0.0,18.32425974528167,5.572268435160334
1513600200,234.46957567005558,235.14356867466662,234.1798218619999,0.0,10.146344146730002,8.4863921324415
1513603800,237.23654752156762,237.98227299875668,238.20605345035145,0.0,12.400055888492169,15.794077885941666
1513607400,236.9537869015676,238.2299862423243,237.86785311313514,0.0,8.642326076834003,19.118792419435
1513611000,236.95757561759464,238.54210436024326,237.87584954335134,3.3322359339388328,22.250320460005003,17.737707862853334
1513614600,232.81792534716666,234.36394627880557,233.23039033677776,3.975004603068167,20.140746943154173,8.881146519985002
1513618200,234.6560475117568,236.864730834973,234.79463443243247,0.6986416117348333,3.9644487762455007,11.019801813760001
1513621800,235.9446369892973,238.0388897045405,236.58199949524325,0.0,44.86475659053782,8.368701489762167
1513625400,237.44474538166656,240.38266372677774,238.3993284438056,0.0,44.572034479788336,9.619711697894665
1513629000,239.40653909216218,242.10351644978374,239.57537800562162,0.0,10.620297743474838,6.721401227316333
1513632600,237.29128945843243,239.1365706984865,236.8754404429459,0.0,2.1992558161418327,95.43294133499833
1513636200,236.950156547,238.84391743432425,236.7435735753514,0.0,2.1807290267945,82.42926999416832
1513639800,235.13004218205555,236.3411513435277,234.59413613216668,0.0,2.0656978988650008,68.45534612017501
1513643400,233.60166023875672,233.72836674872985,233.35862649456757,0.0,2.0894264507293334,62.592559127783325
1513647000,233.58576398582852,233.7221230643144,234.40673566545712,0.0,1.8969640286763334,8.015203628535835
1513650600,234.7073244036666,236.5852559407272,236.83344060727276,0.0,6.920336201986001,11.239493846894833
1513654200,232.7913154153236,232.02146956494119,235.67626998002945,0.0,11.704218406671668,11.658526153564498
1513657800,231.75107288349997,233.63838195803132,234.47871017459374,0.5249093341825001,2.4955376180015,12.34953623453367
1513661400,234.05321294612116,235.07888192842427,235.79662022451515,0.21647480964683335,2.0614928309125005,8.619090169270667
1513665000,237.0542514684849,237.73609092024248,238.46898211854545,0.18457468032833335,15.308527743011163,17.41271191914733
1513668600,236.57886190979409,237.5619067023824,236.63700642302933,1.1417704677579998,7.975061550139482,11.265090014138336
1513672200,233.68132111518182,234.35897503484853,233.39393985630304,1.1968113994596665,3.5247775856646673,81.96216155370168
1513675800,234.30588307105882,235.6170223460588,234.6446596032648,0.0,2.3223649088545,5.583344968160668
1513679400,235.48762022996945,235.70478855740453,235.9534392611602,0.0,3.696790580749667,17.447028121948172
1513683000,235.91143951415995,237.31515698243987,236.24957464600791,0.022093685467999998,0.061915289560999995,43.446423657732836
1513747800,234.82590950863883,236.42385662931943,235.6370751062985,0.0,0.0,16.279158051808167
1513751400,236.41492671931167,237.85677616900875,237.9653778610667,0.0,0.0,193.02936222076264
1513755000,238.61036183286157,238.66778670089997,239.98532069279236,0.0,368.57210899355886,70.43837692260334
1513787400,227.94779298977963,234.83925378515568,238.19617024404926,20.435552563620135,138.98831635633684,75.74543457666701
1513791000,237.90255603162154,240.00449904321042,238.2244184604818,34.45432188034215,104.26499052683312,156.51691467919585
1513794600,237.6814015706683,239.440473935606,237.17820713479045,0.0,37.65870337168373,1167.1167739613375
1513798200,238.6743481933908,240.54952485520093,238.10518489338608,0.0,36.042183224358496,1551.7612701416344
1513801800,239.6623875784383,241.8732647379309,239.39689219429218,0.0,36.21651125589917,1213.5638057708466
1513805400,236.5642503771366,238.56029241014113,238.50007030540385,0.0004247610333066667,35.59294485789854,1157.502448037088
1513809000,236.3257480752101,238.11130744720882,236.72879574975707,0.0,35.547756576535335,1061.8788050841613
1513812600,234.3247923798555,236.30318794670777,234.73221955831258,0.0,34.46299713134683,203.09879723869037
1513816200,232.58092104889172,233.38778863950185,232.73040601154722,44.598469301861485,36.667274990080344,140.25854996362344
1513819800,232.78969870198384,234.82859541210132,236.3257726785116,57.16823849658289,27.961853552461136,132.73126471516932
1513823400,234.33961273961742,233.97779214793582,235.15488012906886,0.0,22.688930050532008,89.29639112473014
1513827000,231.4124951907373,230.8802172880375,234.21787778945566,26.321815535228172,282.7850412432736,205.67874727884416
1513830600,232.97384188174718,233.7810813665456,234.40204355716415,32.70572731971699,28.128077030181508,170.3495795313617
1513834200,233.60994063083027,234.9698692897534,235.33419497508956,0.0,0.0,231.20169904072162
1513837800,236.5812920955364,237.07869968706984,236.4818494494786,12.90825977643383,1080.246108411267,1807.6857141112066
1513841400,234.6765075777052,237.26878488474125,239.2415342659881,24.87925166348688,263.52037481295616,493.84805233477636
1513845000,233.3032817517322,234.32838439940528,233.49896488511192,10.173948672613003,8.731763413746501,147.27823097863822
1513848600,232.8689139777175,234.0755863269456,233.4125183616044,36.462990547810186,225.803851718858,64.9636301167807
1513852200,233.4729417165104,234.6000512441145,233.6288297176302,4.752725629806331,8.47569171269767,49.85075393041049
1513855800,235.59786814265988,236.43786998629886,235.77430520603093,1.3612120691938334,0.6349570051828334,19.475267143253006
1513859400,235.31242411848652,235.69760090589187,235.6001463194594,0.0,8.898138071696668,11.903185551955001
1513863000,236.3582262992188,237.83597850799998,237.9024658203437,1.3973796335850002,12.225111128490665,10.240419718430168
1513866600,237.141548388,238.1221771240909,237.57663934878792,5.277920799255998,4.333242383004368,11.1919678878835
1513870200,237.95784669758822,239.76643551105886,237.96592128979404,3.0996265602116675,19.62329635620166,8.505493354793334
1513873800,235.40810232454552,237.20707286490912,235.97356068003032,2.770534327824499,11.130305029551664,7.228736470542831
1513877400,235.49215832882342,237.32155160341176,235.73999023438233,0.0,2.5274505869544996,7.294668560030667
1513881000,237.0520763974545,238.86507855042424,237.20274815409084,0.0,1.8279874229433335,21.782650985718167
1513884600,239.4545792088788,241.23896049721213,238.4752835360909,0.0,1.9035763486221666,136.72494059241671
1513888200,239.83808529015144,241.82697596696968,239.34325293333336,0.0,1.8926648012795002,107.11598004656501
1513891800,237.68716106990902,239.49368517330302,237.19610734418185,0.0,1.855933106740334,89.98016812643503
1513895400,237.9693693273823,239.5801768583529,237.33410554767647,0.0,1.9059609476728334,93.96386828104166
1513899000,235.68923321894115,236.7071120317059,235.62369088567647,0.0,1.8853613980611674,80.84095153805997
1513902600,232.36551874336362,233.56381503024244,233.01899765466663,0.0,1.762230978012,35.131834716785
1513906200,233.11040982342428,233.48660786951518,233.12156677245457,0.0,2.4984578196206666,11.202611198425004
1513909800,232.7480280258824,233.1914650412941,234.32941840682355,0.17076043128966664,0.589841855367,4.042938868206835
1513913400,232.18070151587884,231.25805571587884,234.9843976569697,1.6851181157428334,25.723730338417166,7.949120775859336
1513917000,234.05791922185296,234.51577983191174,234.66316896326472,4.193252112072166,2.498897145590166,8.999186484021836
1513920600,235.80006316215156,237.77110013090916,236.76848347978788,2.6006396007538335,0.0,5.136686077115167
1513924200,237.71187142764708,238.29934019199996,239.05335415108826,0.2690503597258333,0.0,15.230001068111665
1513927800,236.6113110166364,237.77121896454545,237.4255223129697,0.8351846694945,50.65543615977583,9.464014561971666
1513931400,233.51318035706063,234.50721093378783,233.73346779563644,0.8168326822916666,7.044474655788834,10.70533275604417
1513935000,233.36895228791423,234.5712646484,233.16696297777145,1.5580482482908333,1.8387375418344993,39.37620211283467
1513938600,233.48944899620585,234.70885198252944,233.48985380282357,0.0,3.9845308176693335,2.981460088095
1513942200,235.33535242078125,236.67949867243752,235.57118940353118,0.7427628453571665,20.177216746006664,13.510824152623336
1513945800,234.26531473793327,235.2602757772333,234.54034678136662,1.44039463679,20.610325419105003,10.661189346311668
1513949400,234.7328170776667,235.9711085001333,236.03499806723332,2.8007127253213326,17.678218994143332,4.664716389974833
1513953000,229.91400163973717,235.87793884273327,241.09787241626663,1.0168516195313702,10.322824066678253,6.377840285300684
1513956600,239.30021362296662,240.6683354695,239.19372762046677,0.0,3.745121501287233,6.463651580812168
1513960200,234.4051574707333,235.9935541788667,234.6208460490334,0.14625631968183334,10.386088269550505,4.276235237120833
1513963800,233.92443207770972,235.90400449687093,234.11827924180645,0.0,2.071731160481834,6.226193186443998
1513967400,236.36117701377415,238.1226028934193,236.15634253709683,0.0,31.35856224060851,60.46312928517549
1513971000,238.52710896154838,240.03139914238707,238.24274715309673,0.0,35.73450614929,102.22853256225
1513974600,238.9202799479,240.49288787849997,238.4454498290333,0.0,14.756732165024335,78.64983174640334
1513978200,237.77277103548386,239.3839756135807,237.24340721864516,0.0,2.0826163037616663,81.86335853574334
1513981800,237.45830905051614,238.95018251477418,237.08269869896782,0.0,2.059705708821666,69.71988525391833
1513985400,235.75015750999995,237.0152947210323,235.70881308283876,0.0,2.0198721885685,34.66131396611633
1513989000,233.42190408703124,234.94808959956245,234.22972631453126,0.0,2.0430433273320006,5.862782592773667
1513992600,233.07543092608825,233.34282190658828,233.2530921487647,0.0,2.1524950345358334,6.579682464593502
1513996200,233.6638488769714,233.4766719272572,233.80700683594287,0.0,1.5929190889990001,6.886232668559668
1513999800,235.3222089494,236.6043653215429,237.72781372071438,0.09503177642816667,1.6600787925723333,11.094365197818
1514003400,233.68736498290906,234.053962014,235.2932748504545,2.4871403312684994,1.3576750119521668,8.636547813416
1514007000,232.89995875512122,233.18780702530304,232.9565813468788,0.8898226769765,0.0,45.211501083375
1514010600,235.1136456657647,235.46447349994116,235.17597557514702,2.6661511739093324,19.980201339731998,10.121229362483334
1514014200,235.15630924005873,235.99184507491174,235.88069511867644,2.125507815679,21.59714302699367,16.464683125806665
1514017800,232.38825857979995,232.66125662665715,233.2120893206286,1.4047785790761669,11.85149857203167,8.356010780333834
1514021400,234.16485146914704,234.98174869311765,235.19145157758828,0.0,2.0904869651791667,2.5024965540571666
1514025000,235.74589493691172,237.14341017785299,236.21363695920584,0.0,2.5259634462989995,4.120475565591835
1514028600,237.64909766694115,238.87236920526462,238.5367238662059,0.0,17.750571568807835,3.6284665298455003
1514032200,235.58163990700004,237.0493276259412,236.3610265396471,0.0,20.016747843426835,2.2475156656908335
1514035800,237.520635717,238.48657540708825,238.78580833882347,1.1907460339875,12.510008265180167,4.305994275407668
1514039400,237.5724312277941,238.7462508258824,238.37518265673526,0.505199356079,0.7902356147761664,2.0906804974876665
1514043000,237.03354404991435,238.9637167795429,237.3924360002572,0.0,20.36982626597334,5.321253706614168
1514046600,237.58535856358824,239.58886404597047,237.55450439458832,0.0,0.8225885899866666,8.457163785298
1514050200,237.53372885966667,239.8017776951818,238.31295036551518,0.0,2.159741013844833,10.998481661480499
1514053800,235.7841765459706,237.41272376570592,235.90187027879415,0.0,18.127890402489665,42.98147382101567
1514057400,238.20997434669698,239.88121911257576,237.82203951757572,0.0,37.44748158135216,105.89451833087331
1514061000,239.28201877367644,241.18303456026473,239.06007834047062,0.0,2.055848248799,91.67760981242002
1514064600,238.56947413854286,240.4155648368572,238.56760341097146,0.0,2.090871251424,80.82257644651169
1514068200,237.30982253135292,238.8043212890588,236.98292227364703,0.0,1.9935473950709999,82.16409502665165
1514071800,235.9817455516177,237.33938508873533,235.6719768748824,0.0,1.9779362106321658,73.28428688052334
1514075400,234.3356404023236,235.6273345947353,234.87068131391172,0.0,1.8960378932950008,22.683656520836006
1514079000,233.67070097079412,234.05640905044118,234.1091730454118,0.0,1.7519481150303333,5.417965215046502
1514082600,232.96468532788242,233.82238590017644,233.52929238720597,0.0882130908966667,0.4734011650085,9.404801184331
1514086200,233.38954611382349,234.09436753220584,233.8862564985,0.0,0.19237312316883334,15.112497749333336
1514089800,236.84840477830554,237.05157809783333,238.21956973602772,2.7019737370805,1.8615486685431666,10.227868156433333
1514093400,237.2137657613824,238.73247617841176,238.4056378532941,4.417561766306833,0.16148227691666667,5.7799776331565
1514097000,238.15213237082352,239.84718995952932,239.6363722857647,3.7384943930315004,6.561075572968499,6.8200612131705
1514100600,238.37322279991176,239.3899697696471,238.45682076838239,0.26253546079,55.83827336629836,11.575812784830664
1514104200,236.8880968366857,238.81492396757145,237.84151218951425,0.0,10.225033628141418,6.633306973776001
1514107800,238.30828947188232,240.10704220044116,239.37114580935295,0.0,1.863624401092333,2.969857737224666
1514111400,238.81611328137143,240.79869733534284,239.31737322125718,0.0,1.8828249708811668,5.079314956665333
1514115000,237.49062949734216,238.76855709676315,237.4153522692105,0.0,3.3940001360596663,5.8305391311631665
1514118600,233.56205132665954,235.23479315572342,234.1366918036169,0.0,9.337153485615334,4.721784121195167
1514122200,233.1682403739637,235.29259480756767,233.52749738819648,0.0,336.0359160359613,49.285196104056816
1514125800,233.6727327303189,235.93386549622258,234.3119356810548,0.0,36.269710680644174,45.819194806424804
1514129400,232.2971135663041,235.8710682318119,237.6238632439115,0.005819706668456667,263.350440622164,35.20064805726323
1514133000,234.78461689420044,237.2494537447654,235.42410560888126,0.0,0.0,66.82623126983898
1514136600,231.62067713567973,235.55463878626568,235.93604233074637,13.5801110302654,0.0087194737792,37.58753559748507
1514140200,236.07089020183378,238.14589578085202,236.59945816483986,65.15041019486634,28.658378211854167,506.9707485103597
1514143800,238.67487297253865,240.5872380042521,238.2507150169194,0.040568386713666665,47.83393403053447,2163.144954732275
1514147400,239.93706399712693,241.82610284340026,239.72764637217708,0.0,35.22423017819883,1449.7408229573612
1514151000,238.65835980289341,239.91726611161184,238.64099553689343,0.0,32.727055047351975,1470.3892939757907
1514154600,235.2796722556271,236.7060489720052,237.586659932878,0.0016274557014316665,32.06767537792587,1410.0083424568513
1514158200,236.04960916633166,237.34020179683418,235.9840626773452,0.0,32.20692893663915,1302.2642920684561
1514161800,234.64762469284162,235.684981219069,234.82470605345017,0.0,31.89275761286501,369.53094960524555
1514165400,232.79860049766128,234.08583120050818,234.0557639614582,0.0,31.50162609736153,107.35868673323863
1514169000,233.2694544396888,235.37898923096938,234.61692954642302,23.936565179825333,42.19306743303884,186.39095521288053
1514172600,236.095933180574,236.76001435630917,235.56654021434002,8.301062157948833,4.723529580434333,163.61992925008093
1514176200,233.7742078493927,234.7666865831152,234.492538193956,27.17937334696468,35.52461261749867,104.62475435893083
1514179800,233.11595965334732,235.15595241422545,235.77006123684146,33.35857557614721,21.896393629710328,198.4884646542789
1514183400,235.2928539047761,236.427063796884,236.55566317566303,0.0,11.419442876177833,454.114733441672
1514187000,235.97256098710446,238.06116435953768,237.29081665979285,0.0,984.59259817127,49.802596747075285
1514190600,233.01633633929836,235.06160868328308,233.9625953166,10.20588670412717,241.109861316675,118.49325075785977
1514194200,234.57265762433758,235.8782174097381,234.66251524832364,0.0,132.43120655059911,33.57507330576566
1514197800,234.63111643327625,235.7171395091751,234.94630071315845,0.0,0.0,44.10417956034247
1514201400,235.4997283990251,236.7689813057619,235.5002698267083,0.0,11.802713750204669,86.09842774708947
1514205000,233.28442459769403,234.74717664634068,233.8523166822487,0.0,49.54544818877833,131.8281711324128
1514208600,232.78666843576744,235.4916468564265,233.67192679315826,0.0026170910398166667,0.007851273020108334,56.11697664897131
1514212200,238.0002740212559,239.8378903203629,238.4323711914354,2.736697187424168,0.0,68.14026658375602
1514215800,233.83923681060088,235.3593397555056,238.978737927884,33.990779408165785,206.58007783650964,65.49129272460355
1514219400,235.1625211458617,237.00019906767747,235.263398244874,69.77171486219217,328.0924590810101,162.1293089039762
1514223000,233.71028976622367,235.48015190411468,237.8744404654185,30.410101654256746,71.84795418744798,83.79863566716955
1514226600,238.53271649334926,240.33016107232967,238.3675148903732,0.0,36.7593332258846,689.2440295728695
1514230200,238.34532190094112,240.0358814928675,237.39173337767983,0.0,31.796966336568687,2067.8194917043725
1514233800,239.98661688102348,242.06921925751453,239.4221913711013,0.0,31.474827925365354,1563.0729807789642
1514237400,238.8376863390127,240.57599945619847,238.4883487577456,0.0,31.265919545489922,1533.985622889107
1514241000,237.3217920506709,238.74321119091329,236.7954741162296,0.0,30.882988535563012,1477.1776103973305
1514244600,235.3053521804327,236.6498238505837,234.77495813877567,0.0,30.691383549371512,1044.035577748654
1514248200,233.154586225967,234.65372137771587,234.28693191795242,0.00026148783663833335,30.32750562072024,71.5473494879457
1514251800,232.8922992713049,233.8614454920824,233.7840614920069,0.0,33.68428094863853,127.23785812377277
1514255400,234.42993838603743,235.28158248383411,235.0455452822262,0.0,21.392037696835505,63.638322149919176
1514259000,230.88017317668067,232.4482777022804,233.84752573524867,4.072359720263688,280.28978983753996,230.7877412056971
1514262600,232.96940035215462,233.20316263656318,233.80959572589256,48.894537537895005,28.5195490964255,161.90852952959847
1514266200,234.0143207665241,234.93847604755055,234.2489283614369,29.186972796129837,5.487162555059169,294.0085156885684
1514269800,235.48060964042557,236.58039439558877,236.67452616667168,0.0,306.23221203802143,240.9528884633415
1514273400,236.29064740344762,237.83265063564275,235.962758226085,50.68987265904901,7.441737028757501,196.99994018555182
1514277000,232.1063873558633,233.28963631076462,232.5621637177052,118.73723695120238,1.3474121602381666,94.84125670114935
1514280600,234.2655298103011,235.4169457001469,234.4268924617456,88.1573496881979,34.318473911285494,38.830462849934996
1514284200,236.24207044247842,237.37850701508648,235.8483240010596,64.96638121286898,31.14704886118533,57.20794071833556
1514287800,234.33680046349255,237.7687879565768,233.47672455220243,1.4759402780728672,39.14858422686824,63.22507084528952
1514291400,236.78954901530759,238.2939201755209,237.4232804917484,0.0,315.4693594741672,147.63404527027868
1514295000,237.96379321135086,239.9789819148444,238.73098658306859,0.0,197.68251898130512,160.67959431966767
1514298600,238.25178014608147,239.91863958486985,238.23972432309242,0.0,26.692680657704813,165.1667899449416
1514302200,237.54777067985145,239.30525835009402,237.3117465972953,28.071208105088335,315.31125273386095,246.17806470234345
1514305800,234.29437055433144,237.86851925166062,238.5254089576897,71.04157816126761,314.68671115915214,137.61958155631513
1514309400,236.065591606322,237.48158450777493,236.44130100277343,79.58387202581022,240.57192153295415,223.02988953909804
1514313000,236.77870864321568,237.66871966905396,236.7646486295971,42.040424874628464,633.1099689673616,197.30709050496682
1514316600,238.6824296947994,240.20373157136865,238.94478059461127,0.04040656725566667,511.0945989480515,153.1243122482134
1514320200,239.71188453468284,241.21144576889355,239.21044941119442,0.0,631.0186956787497,1212.3500835991051
1514323800,237.7878342616648,239.16662471171605,236.78682185312,0.0,426.20271704987795,1768.3046176402784
1514327400,237.6892639160216,239.03797972542165,236.97710971831944,0.0,33.36174452463682,1585.996641413307
1514331000,234.37444633645,235.81651548355725,235.54640146623984,0.0007053732126933332,32.908078709690905,1524.4487827556354
1514334600,232.9210913270355,234.44333679850624,232.72689857279727,63.116954148614305,32.66298089981119,1517.3172605131813
1514338200,235.02880776146918,236.05920920629976,235.32382929019263,56.058001136784554,39.703237355550485,684.4170405895278
1514341800,233.43178174803998,234.87458607418503,234.39304173186198,14.06858215967901,8.302064533234166,71.93661844253693
1514345400,227.9426411378153,227.27503130691449,231.52010082807814,11.65403943180995,368.4332233218782,117.63941905023057
1514349000,232.79503648117162,233.41944612578357,233.73150615485199,24.56490206400633,24.37626831054916,135.85755927403696
1514352600,235.30837698860984,236.1263238081648,235.5538210767233,37.636502580647814,0.4995280392965002,114.86917306263841
1514356200,236.91945881353357,238.8113279980633,237.6112441602714,0.0,408.3814361890449,205.83464413962548
1514359800,239.05763417526268,238.9437504500664,238.05687444673904,23.442241051992028,114.15168218375193,164.45716313681856
1514363400,236.01826940746827,236.62994950905818,235.52343954888684,32.33192904154485,79.82567648889227,153.0396756235884
1514367000,235.89819967519642,235.99901754629371,235.06422583537383,40.867181193033026,703.4882243124437,56.488221460972355
1514370600,236.78927898575924,237.28026168957183,236.31343559330588,67.72646022796475,191.58759970344752,37.64437461852966
1514374200,238.7858792180887,239.40696227033317,238.37951226162858,13.320841970444004,46.671482696538554,57.22367232004914
1514377800,236.82758023396974,237.8218567439501,237.00643048965165,0.0,68.92045875231484,71.55390275318467
1514381400,236.852069361873,238.183161669694,237.4078013732303,26.789115336737318,265.6603849697121,133.08194460550237
1514385000,235.41473568497042,236.65045295596008,236.0917530555459,50.752347361246656,221.4055313301069,218.45190840405567
1514388600,237.6380067808548,239.31681340310448,237.68987429458397,26.293737761176512,345.41029212949337,272.4178441366002
1514392200,237.98168813106327,240.00440805485727,238.24177027955062,120.98888385772639,54.46044905662015,268.72171043396634
1514395800,235.24115523340447,236.87649517093948,235.11603808612998,63.48451346397598,45.70626137574579,265.99880764007594
1514399400,236.5804664680612,237.97155791960168,236.7402331377891,1.5470110448201668,600.2151394143156,343.5889410781589
1514403000,239.12725468613186,240.5996953540072,238.284667223747,0.0,201.87930625279407,1800.3073724110902
1514406600,235.56923281760913,237.2894723626692,239.17985035239053,0.0009942915414768332,32.7394457524258,1423.444357660553
1514410200,237.36301268981538,238.70062672509582,237.4595740320074,0.00023352887481450002,32.77146843751346,1418.8736866139814
1514413800,238.08889825792787,239.4877620641668,237.48062694936038,0.0,32.6959817250548,1276.971020050084
1514417400,235.7235328193157,236.84431193584342,235.9959339038829,0.0,31.733227202100153,66.12089447656763
1514421000,230.40237925179557,231.45397309420346,234.5858027140369,0.0022316076606483334,30.880327367185217,89.06156797089845
1514424600,232.54878809406327,233.11669211046063,233.10356458138875,0.0,38.99158789634735,129.47617873510956
1514428200,235.38602986216682,235.8308457678748,236.69739387539215,0.0,20.139402662915337,92.5999367396069
1514431800,235.51856686702519,235.99645237279447,236.0721860318557,18.824093812308174,273.98632118860803,120.25976015726955
1514435400,233.31584497910012,232.9768824241533,233.40425451035918,45.90430295307848,29.157588253024006,140.07512949626124
1514439000,234.2293355269876,235.20791435920498,233.96548193120125,34.042815224329374,12.208997373581,128.56663459776985
1514442600,236.8185811144164,237.48805324937987,235.95988631318238,0.0,51.90616692863633,56.42484171549136
1514446200,238.8760319198836,239.41833389644188,238.87082760830242,2.0519635772706666,0.0,42.288858909600016
1527102000,234.4631729125625,234.68132305143752,236.25891208646874,4.985481185914833,63.61195810953,19.17020721434
1527105600,235.37201370725802,235.89343901603226,237.22572375877425,0.0,59.21373758954167,107.64514200845
1527109200,237.59459495546875,238.83983659740625,237.6736183166875,0.0,53.44022852579,108.25848002116669
1527112800,239.35272910381812,240.76447457978782,239.21132914224242,0.0,52.22929545085998,106.43535944620334
1527116400,239.37372970578133,240.79614496225,238.3002610206875,0.0,47.220144144708335,95.77418741862502
1527120000,238.37626555469703,239.8714220451212,237.6313481186061,0.0,42.352748006183326,91.36727750137831
1527123600,236.99853461132145,237.75523594446426,236.47365733564286,0.0,2.4501725196820003,60.93482198079166
1527127200,233.73462048705883,234.79147249108826,234.01097645479413,1.692660026551,1.3567601394653332,4.107150917051167
1527130800,234.4254744246487,235.8668505694325,235.11748195340544,4.432107308705667,13.507987419767668,10.084536615999998
1527134400,234.03490262421627,236.02997650967566,235.43888153908108,3.140014438627667,3.9323208045958338,12.1721452458735
1527138000,231.84151791307698,234.1699766501794,233.5467689709744,3.8576205507915,0.8497299798330001,73.71470591860769
1527141600,235.5778476715749,237.32053184507504,236.93729896544997,4.447037188213001,0.045379387537666675,27.672316538496663
1527145200,237.71376075749995,240.484825897225,239.159469604475,5.420424455006167,14.769999949134998,42.54410283410001
1527148800,233.28778545674353,234.91662636784613,234.53258338346149,8.29137807846,7.149769616128668,7.0853048197416655
1527152400,232.30829209548716,233.8538337121539,233.04153911884617,4.794755166372501,7.273006299335002,7.6100785827671675
1527156000,236.60529659948716,238.40183668864103,237.38155736669228,5.424754543302002,7.4571915372160005,7.966152750650167
1527159600,238.31222410464864,240.18019970045953,238.83150420318924,4.418697217309333,7.73940364202,6.051972033183501
1527163200,238.3385987152163,239.32572524610802,239.11375014837841,1.1074521223703335,67.43260070483784,2.0599969736748336
1527166800,235.15831891229408,237.0283023609706,235.8930327471765,0.0,22.53981236775333,4.517696418761833
1527170400,235.0854356186088,237.61788840919567,236.24296636158695,8.55969102223983,1.5643126042684998,55.154729156473
1527174000,236.65913072273145,238.80740151477607,238.94544322453729,13.382435925805002,33.75506345112834,21.884940147403164
1527177600,237.19436445404918,239.0924615078524,239.81147641042625,13.319031359360002,34.021120630895,24.233675689696668
1527181200,234.76525699388236,234.71350636200003,237.7937307919412,3.176226857501667,10.24645462036,19.383058395385003
1527184800,237.82346331482788,236.4089992085409,238.66711613394264,12.4173154576615,195.73135637279657,421.85472391765006
1527188400,238.92519737117905,237.5004259908118,239.3474441053749,48.943996480305344,994.1036517714773,1772.9929618836038
1527192000,237.5076586873311,236.9275467531455,238.02526472723076,16.168977673848666,1068.8932286580296,1541.732272593112
1527195600,235.32120922584457,235.24590615338403,235.45085958587208,0.0,894.3834016926484,1299.6849334717176
1527199200,235.13484179117103,237.05790347673155,238.27493959070236,0.0037384700775133332,896.3509766165996,1318.166583728904
1527202800,233.6845290891721,235.85719909110225,238.4022494128196,0.004721551587181666,856.9004110491375,1320.2258753531066
1527206400,233.26955895683886,234.37323040044208,235.65698757346973,0.0031139764686433334,400.3934783844131,1358.073000392811
1527210000,229.85674404751347,233.0108484421496,231.0748195891806,0.02508192171652167,36.10650084495375,1223.6282959699997
1527213600,233.93255944398362,235.00745393240052,233.1179666467001,0.0,50.67854307810565,907.4518594106271
1527217200,224.34626326938016,232.07354789424932,237.07832674579132,30.38059322948444,29.81108306706747,80.73944702327204
1527220800,233.3442161755694,235.14834717691951,234.06497203563202,100.97324459712573,97.70356131870847,157.65707275390673
1527224400,233.13132660580104,235.41312333268417,234.32750195133744,36.394111007054335,16.30508184433115,122.55742523828481
1527228000,233.71399205246516,236.49566493890848,234.84746635353127,90.21643676757516,3.185724967321,135.9354266865972
1527231600,236.96570765363853,238.71113962328482,237.76209623798542,52.08521843592098,213.70918512986478,137.5436781946793
1527235200,234.7152025686526,236.66150828473863,235.06804959648974,108.42784365336713,185.72665391287973,184.34717238106688
1527238800,234.0021586566568,235.3513480650277,234.3496641666514,41.02548645337418,122.4510896253573,159.2192870521411
1527242400,235.12750590676362,235.86703725960263,234.8977660573756,58.51600761731136,0.0,136.9456679662
1527246000,237.31171654873768,238.08026031327145,236.8454244922879,58.10335990270016,221.95090998966415,65.67960709889017
1527249600,238.12879506688853,240.08279555382128,238.9327857581532,46.73582889557247,381.31196396505453,71.90720467885971
1527253200,237.00731041320708,239.9922509106081,238.1581522623645,3.6121609083813335,255.19585408527675,63.512771733604325
1527256800,236.73432647986039,239.41015524207884,237.86116184618348,16.892555929820503,351.88098645528083,272.5524859809726
1527260400,233.6104015665209,235.8056208899303,235.14267130160357,26.986083631517992,317.6408050028466,208.58564238231878
1527264000,234.14503028237962,235.74920430316143,235.9704170996864,94.2063534227942,310.87894836423516,186.4569750595283
1527267600,233.1390015039726,234.84983487530042,235.28232870694333,46.86533376693617,627.6927022552134,124.97117371874849
1527271200,233.89322215209725,234.08331214988303,235.82005444202582,57.124865942002316,1240.0427023062302,571.5641240691698
1527274800,232.29745832047325,235.24341111491023,238.6898511974017,0.010192138254640002,1049.5358387104436,1958.5601310221514
1527278400,238.5351395659268,239.49470514433528,239.1024084126172,0.0,1013.2114164224546,1757.6106373596347
1527282000,235.57515207005488,238.88232661774956,240.53153802008438,0.007997895280521668,889.6402775286554,1421.1186818694573
1527285600,236.1170195846849,239.35444013465457,239.4753506397147,0.005236587127049999,892.9596936302391,1273.2941296927484
1527289200,237.2135449681619,239.1658093528906,237.6042975265584,0.0008674593766533334,829.022566638462,1297.3172649192736
1527292800,236.67423284754588,238.52686208836946,237.050150646868,0.0,240.12213297529345,1223.3156141917605
1527296400,237.53770776922715,239.78366757480708,237.6955914861382,0.0,8.54877518653867,1275.6440548199175
1527300000,235.18844960903286,237.51930857747826,235.41315087089583,0.0,41.7592346191342,679.7835123569804
1527303600,233.96189139707127,235.89202680378293,234.12237409606396,9.928786945343504,125.2262721443058,135.11888027191205
1527307200,235.10932327103646,237.28628165557708,235.63924802003658,40.874373563130476,47.43996046384567,164.47914116541958
1527310800,233.17128071917077,235.76812422168254,234.16696060599818,10.658501936595501,69.80864361762052,119.03800404866452
1527314400,233.7535385858572,235.4974696400715,234.11848167447968,0.0,0.0,43.377661348978805
1527318000,237.3841174897893,239.26987524346902,238.6286687326996,0.0,0.0,130.46714285533446
1527321600,233.86324070840158,234.91768685222638,234.20520751842517,0.0,0.0,98.06266405740652
1527325200,232.23411604856702,233.4195553280862,233.68955671676707,0.0,0.0,52.82280637105435
1527328800,230.29661055206626,233.83530656161972,236.18818536231282,0.010252855618793333,0.030758566856366666,54.07502183279217
1527332400,238.03614320859504,239.00601830674182,238.00639860270147,0.0,819.675445308701,1233.9452697754123
1527336000,237.02879905350827,237.85198985769833,238.22665628434558,13.956791715621005,1542.7705169679332,88.62159723918388
1527339600,232.37167392534943,234.5911913023129,233.9300477303939,30.573319515191088,864.1055267093607,97.24420482636036
1527343200,233.64501225150158,236.95989579420691,236.6270573374873,35.487265469594234,83.0300769128465,86.37323104223833
1527346800,233.49460620693924,237.7836453499026,237.17876763299802,89.00621871938615,282.35159285268605,1417.1950116348305
1527350400,232.07895930806959,237.0340013872521,239.07844574367766,90.52329417913309,224.5131122291219,159.48508434294354
1527354000,234.78672974636203,236.27612508326317,237.60930032396138,36.96713233312086,990.2268980407268,250.72837130227853
1527357600,234.4456401741733,235.88268522276817,236.98669561678471,62.37272277833005,1291.4536122449292,165.01658459664938
1527361200,236.75313466666856,238.31159300534415,239.4453202822514,36.626433232627,1302.8911881002825,108.07199413300341
1527364800,236.83722388832484,238.30033030822793,238.4981163749014,47.49046920776244,1239.1828517658678,95.54119504293729
1527368400,235.4082327220184,237.422985320978,236.62966561885185,21.53634196917167,1053.7421902211684,975.825731264821
1527372000,232.97085470904958,236.21863699045326,236.06045679534347,0.012511149148153333,872.9705573483619,1806.0869107563988
1527375600,229.22940606856417,233.88555131339768,235.7903442382737,0.008891368011633333,829.1753920378608,1393.821904398595
1527379200,229.07582904582011,232.85248713247998,233.99236915756032,0.0050586133698633335,850.0581119966321,1436.9661019017676
1527382800,231.76193810159822,234.5025697351452,234.74723037747924,0.005193787614505,443.3278181238453,1329.4479808743747
1527386400,234.25469600289142,235.95667247497624,233.56926912501117,8.246374069850665,40.088435058592374,1463.1001401011283
1527390000,232.94015748410047,234.77182698644413,232.62309845361057,92.1778603903476,38.930480241775506,1252.244710159396
1527393600,232.77325322934365,234.2348377574671,232.9627858109928,124.19837497393395,69.93180905024032,159.0167955016868
1527397200,232.73688341709115,234.4421647980311,233.5002524787629,3.2701561482746673,18.250422805150336,143.98208578108498
1527400800,234.9748076278741,236.89949211063882,235.66522484105286,17.858644193014,14.223696467080833,261.55166339237417
1527404400,236.69071926914467,237.62326432672162,238.2936450832455,0.0,237.78381254832252,239.23781865438494
1527408000,229.69474810037224,233.53478683695647,231.80614360928539,12.214576909543396,267.16823844114595,243.71073733015675
1527411600,231.3622601429261,233.91227518902,237.7779987084469,45.19790980905194,725.2983395628481,204.11230525970976
1527415200,234.72348145785082,235.54776378970132,239.76423947972137,2.250255058606317,1503.006043899876,128.79594708761155
1527418800,236.29883088157615,237.89904643406913,240.80631994026768,83.56096635187511,1486.8533375992806,93.14786711376173
1527422400,237.5889102499564,239.34792844353728,239.623204142989,80.23872491836453,617.4954845174416,90.5604869969706
1527426000,236.3372806057548,238.43488196841042,237.60489453769142,13.925709346134994,349.68230308533305,130.36363788605942
1527429600,234.2622279248884,235.85555165516448,236.4465785052778,26.302980289459835,106.3834870847008,131.71892861683332
1527433200,234.04832374811488,235.55050991133075,236.0892454492447,33.4759334119182,273.08270264942524,726.4988972473029
1527436800,233.50392754523085,235.4477237799176,235.89148278987358,148.10206016542168,341.95917505899035,173.4337805175935
1527440400,232.74469951991767,233.77848364838863,235.16614997472968,117.3084647623666,284.9885074361216,121.38942665100828
1527444000,233.17539175963714,234.43261422516673,235.8995711497656,134.21949676515482,155.8378341039129,129.88970851897255
1527447600,235.9588187878464,236.52565624507855,238.5788305586237,5.799612414042001,1285.2896279749086,175.08223948160682
1527451200,237.63493665173692,238.67195927204938,240.10655976736373,1.0884055169425002,995.3574523417175,153.07685768125864
1527454800,237.3212564527824,238.25159678903663,239.9658711379269,0.0,944.3280499523186,728.2748981603887
1527458400,232.8395740596492,235.96468623363683,240.53015278726463,0.008739964713656668,865.8373438214052,1848.9160615540525
1527462000,237.42350680425568,237.50143291383137,237.62476660423766,0.0,893.9699210356775,1952.2034179688183
1527465600,232.8884103793003,235.9693288872482,233.59588114361677,0.027634457151099998,109.31629246593012,1684.1357570139373
1527469200,235.38947078751164,235.84819872625775,235.3279120692939,7.85669685363867,9.78288465182,1534.7732516734723
1527472800,232.47239662782658,233.29186279409114,232.51991878983588,10.765038611093665,35.19874550818832,860.5506111334945
1527476400,230.1521169049858,232.0941448874004,233.342118258022,52.18356911817523,42.32333500702849,344.3505815951068
1527480000,232.7644448472584,234.48157193808998,232.49376122332023,77.53794082641456,71.72895928383517,1911.1137552896837
1527483600,233.915220075799,235.5253536635834,235.19200039432732,0.0,8.563120387395834,222.2598443984686
1527487200,234.44665106889235,236.3039933643048,235.6331539014945,28.02776390711467,0.0,272.92181878408496
1527490800,237.39715643122997,238.55169535464898,238.71364338261108,31.514599469507672,258.5451542504491,654.6594918060515
1527494400,227.3369026462377,232.83386333870112,239.0542056503424,47.60889988730347,557.4166881393686,153.36426971436114
1527498000,233.3188051933814,234.2307510097446,236.30822344591442,46.359688224793175,147.6796782239313,192.21179331461815
1527501600,234.92260015443645,235.6555267389507,236.64971224929943,6.517618865966832,1515.9277622478,163.62999279023984
1527505200,237.0371763858121,238.17317583261192,238.84164067391254,0.0,1395.253952026467,130.68215744018514
1527508800,229.3738356324556,235.93558843439632,241.98797973633998,0.011674770265816665,85.60403243819785,635.2352231025137
1527512400,227.59250929476204,235.6625855047221,241.35259246824359,1.5254569106800322,314.2999026960134,245.16127469539973
1527516000,234.0049398865065,235.9088750138208,235.86641591295773,29.925597070057822,72.9482209873075,50.472078793843856
1527519600,234.75841353450986,236.92747715141846,236.7690581438409,91.95032220205303,355.0219317499959,1055.3152950286133
1527523200,235.49203658279015,236.4778009122225,238.1053658367173,88.79001927375519,266.8356697209817,413.1192630005199
1527526800,235.00786784557076,234.7711083727842,236.85019230537662,25.33500408450611,320.2483480020545,2046.9484207788998
1527530400,236.0548154348031,236.48581391213108,236.7902024343825,0.0,1176.0011528523837,1034.408868204768
1527534000,233.03606305324183,235.13186806711846,238.02671775056655,0.005664088030656667,1151.1400787858133,615.0408274491429
1527537600,233.50057908215675,233.99995675748727,233.49454102898372,0.0,1044.1712628935948,1846.1699114991002
1527541200,233.5289688388614,234.47453725771354,232.98596336197656,0.0,934.5775706735162,1515.8512784829488
1527544800,234.2973082663781,235.1879159823489,234.6444299871291,0.0,954.1367657215435,1338.897421137638
1527548400,234.1220885898311,235.1610174438513,235.02661384819424,0.0,888.7635184224047,1324.5148736573287
1527552000,232.52115854677106,233.83370284195053,233.72360835932065,0.0,599.9834935124507,1280.0431598663715
1527555600,230.0301999439887,233.01292338830982,233.8958060676448,25.348857412537438,56.1620627937693,1320.1220030719257
1527559200,234.67995283646556,235.8320302235017,234.64630826082544,0.0,29.426983184821687,1281.7823840079968
1527562800,232.31797015126315,233.61222922433947,233.32051637514888,0.0,91.52110172271821,1054.7240053812618
1527566400,231.6087912193206,233.33719747575023,233.43194304919305,51.29761002540517,54.02077576319652,124.32385387420817
1527570000,235.39576394815901,236.7585979510476,236.4799156956071,0.07849339485166668,4.681092840830669,272.5246809132618
1527573600,234.18426772842963,237.983109973751,240.1730096279083,30.34283942828422,243.9304107260817,212.10277111292436
1527577200,237.74955832893795,238.72457343762474,238.73690034347717,80.27972066878948,96.71979422570519,164.12767941794345
1527580800,234.16249277656158,235.4805192299762,236.1766457373927,107.38711193084995,364.56795817057497,128.70170084635595
1527584400,225.07953295160885,230.6902021725409,232.41097623207563,85.56271869153939,208.77440480887068,169.03486289981188
1527588000,227.62476490403446,233.2276392907093,238.01528104963998,15.389668530473907,59.251536823213186,72.6559764671348
1527591600,236.7941161053077,238.70045537896175,237.9386655880307,0.0,51.03698617299219,44.75382258096983
1527595200,233.93881617461548,237.95359099281362,239.70334046415184,40.957689528862865,25.1904758904364,45.687215499879
1527598800,234.91969115541767,236.5232959106864,236.6995861582666,77.0846281560278,207.13166266124136,139.48424832661254
1527602400,233.0277912202743,234.60310001129073,234.20570175478446,28.384183944068834,99.22345179239903,156.09714384716113
1527606000,233.82230189957139,235.09207013587718,235.93145349522902,75.17853873570233,602.4074195098798,1014.4799114228498
1527609600,234.4937107519306,235.03927226642483,236.4434213323921,87.73812199277022,174.01989059606495,434.83238044734645
1527613200,233.28950400064537,233.5081939976181,237.2659578201336,2.0964300346376663,315.8823653920714,256.0106884765734
1527616800,234.508583752267,235.33763326194168,237.0891812340201,1.850420573552334,1454.9305893453125,213.7400597636019
1527620400,235.5028136647321,235.97626076793028,237.1994697500808,0.0,1228.1872816722253,174.70345881145337
1527624000,236.45904855661152,237.3209078990822,237.71688397258941,0.0,978.5141460163064,168.9307536824665
1527627600,233.12822949318385,236.44925716198716,240.0619372380054,0.010665993193784997,950.7462693341269,135.08676355998168
1527631200,237.14244575291283,238.61856788039384,238.82962974922881,0.0,936.1229455565739,93.46601921081454
1527634800,236.84588999633635,238.14965524621186,238.4984094874185,0.0,908.3106239826349,98.84523813883796
1527638400,236.83254839997625,238.3295802581154,238.40592897854785,0.0,534.5117404429699,119.62523268382317
1527642000,235.4807966747264,237.30648171639785,236.98511755728833,0.0,75.33827672959043,126.83025871910596
1527645600,232.48536078424306,233.17522758580947,233.40043080738832,0.0,39.57501845041633,174.34752049129065
1527649200,234.26734854577145,235.96063999547007,236.18395209443145,64.87216101963767,159.19402279535126,199.1047457122717
1527652800,233.11350057777665,234.67122263831945,234.63215410124883,75.25900827408957,33.49610065142436,154.1191814041056
1527656400,232.62001785252247,234.07255840475966,233.8351203904554,47.61451146125879,38.19703628538952,193.1252500279668
1527660000,233.60712802475297,234.19621064851367,235.12945408795247,48.31353185653529,148.68859593708103,150.98540781656334
1527663600,236.80422987529892,238.03172933164848,238.6444152109233,44.68068881988833,326.5534388000935,284.17056564335155
1527667200,233.94203619207332,233.88612164507697,235.37185889722542,96.84412099201691,1626.4401065572754,196.6867709986085
1527670800,233.32036534885262,234.56019867946503,235.73433802251796,87.20398490904681,826.2372690963102,120.41261625924434
1527674400,235.0960945339175,236.0949589160753,236.3626059435947,76.24958461125424,23.37432778994177,151.27548693339867
1527678000,237.27233889508784,238.25600616064,238.1547128792305,18.595399033229167,715.1724620119732,195.92598935763957
1527681600,236.95497672341102,237.9295650690254,238.0133313265583,17.559267466862998,475.73189964623396,158.24719467164007
1527685200,230.73600952269803,234.74758021268931,236.55247385975682,7.4357714267568085,178.56053816098995,163.08457373938288
1527688800,233.17291122576322,233.93060249539457,234.3128604154185,25.304934978485324,26.401853443777334,239.41365188599016
1527692400,234.28857592350155,235.88496516301464,235.09557599637932,58.306340478260815,203.84832132340043,980.1845468900975
1527696000,236.12204913989208,237.29346618093425,238.94171318318814,84.79177538554744,271.6187729899235,224.57128868101998
1527699600,235.6271536730788,235.05395286631733,238.7736910478972,27.64521086375052,271.0666303507468,225.1194094085484
1527703200,235.5800150141856,236.19097936855536,238.32806679782547,3.5700154654188334,1192.0948563195384,174.37970072428496
1527706800,234.1367762759188,236.9797161137265,240.25040952349565,0.0066222015023250005,1146.5895974050484,218.13106063843895
1527710400,232.4558117441733,233.06553736221176,234.95548521166592,0.0,983.5529116566632,175.13054659525832
1527714000,228.96153301272784,231.98831455915627,235.64339104174232,0.008656131128471668,991.2029829720373,262.13545469920024
1527717600,232.33823307355357,233.66075767413025,234.637808402361,0.0,941.3584747060333,103.95883309680653
1527721200,231.99358895090268,233.53217297130396,234.420911020698,0.0,849.9943719100294,133.06923342386963
1527724800,235.45375268384663,236.72554696643903,237.0326123653153,0.0,31.986613763174404,121.70859879813419
1527728400,234.77009429137274,236.75043287888042,236.27651617884732,0.21415136973066665,39.588617680868346,132.89763394674486
1527732000,232.3555994149689,233.4350038260659,233.3178446222808,7.947332153321168,33.02044136682665,83.25406698226863
1527735600,233.73328442042893,235.197133223217,234.6557697190313,20.312974090575985,238.5360298586044,1299.1386034075215
1527739200,232.89025595943843,234.0097607062201,234.1116294398094,82.79116846402576,13.395430234272997,841.2299252892042
1527742800,233.23850595351638,234.3653799549498,234.99267107402957,36.74015243848314,45.554051292736816,177.34937932332005
1527746400,234.59521121448952,235.86608825789588,236.32890992695152,29.379286848701334,270.11255945999596,190.78170546212786
1527750000,236.39915464063316,237.73914048406414,240.42879456943385,3.6231083958347243,155.16298999984596,278.28577690125184
1527753600,234.8612781218956,235.7269343465834,236.04221046262367,111.93586265563368,362.0471577119768,191.27960645038837
1527757200,232.47775962616168,232.81590406099838,234.8812146981685,29.566945994693334,430.12884156546437,201.33548606872324
1527760800,232.47552492029513,234.28113056959683,238.77483880067294,5.494015390773792,2023.4556788058867,95.99736799876482
1527764400,237.74307748143661,238.45262005838512,238.41014966518185,34.201910835902495,1410.5613415018818,49.542436459860824
1527768000,237.58610229492768,238.63039976976026,238.61729588999145,14.332402699788165,392.09931986489994,71.05444869994349
1527771600,236.40945959916772,238.55602565354997,237.3240715475501,0.0,284.5719786914158,176.91423803329192
1527775200,232.915984921998,234.88325214386842,235.06922287411973,0.0,88.93887696901176,105.4802995300441
1527778800,234.27708840369283,236.3144181834392,235.74613833427085,0.0,522.1576454671148,234.79121927896657
1527782400,234.88747390164508,236.23156173335613,237.4778266563581,60.22570081074612,260.08145923614666,193.7830733490033
1527786000,233.794401537042,232.66530796214929,236.16994891621547,45.62933753966384,618.2063006021107,198.06281134285985
1527789600,234.3067725857414,233.97136792691154,236.53759871404662,0.0,1223.412980130425,150.37376625060998
1527793200,235.94949132263162,237.25768082033227,238.74810849096542,0.0,1182.836034291751,137.38680444081044
1527796800,237.08358775208302,238.0682613544066,239.71526223153634,0.0,1141.3147493744857,115.72196210225678
1527800400,230.3483337825732,235.55142172381855,241.43228589520874,0.009003551453353333,1319.2990137951072,123.53343711219148
1527804000,234.26065456824227,234.5315880692924,234.89289884996026,0.0,966.1622708639622,1904.0779500324038
1527807600,233.39120290683053,233.92550548303456,233.75984170775249,0.0,899.5610188803548,1623.6392942301752
1527811200,230.11097860624056,233.66836734640196,236.7493848077275,0.005892754197118334,468.90017995964365,1245.8511163385126
1527814800,234.6602523540863,234.74966646392056,234.68287348254643,0.0,58.11465823491337,1228.4783477909125
1527818400,232.44031211591712,233.04308403276548,233.0295876338727,0.0,62.64362117767329,105.28139349619202
1527822000,233.7899620845277,234.51209082769142,234.90290119565705,52.67020338694468,338.28990704538086,192.07316556295842
1527825600,234.0561870060173,234.63748681092548,235.0948777512405,77.60201181730802,73.67155146596778,212.4066085052556
1527829200,238.82792142672776,239.13727501179508,239.3596915672517,31.755719270708667,14.337554807662498,191.91204889933323
1527832800,238.14112020316585,237.9062060210376,238.8500298904234,61.25932813962701,2.981470368703501,126.14486607866833
1527836400,234.15929946895,237.27656021118324,240.37141291306676,0.0005391048888366667,1.2256973672896534,29.749638865782995
1528110000,238.64932914833125,239.71664943943523,236.73700813192855,7.2542934767390035,53.19896713893718,36.609236348468336
1528113600,238.29867628077992,238.95984046467706,237.8290507732996,25.95357956886433,176.43198292576673,124.14340876258898
1528117200,238.10589171145648,239.06565644085174,238.16466876044572,6.9340297826130035,447.36541052502383,124.65414100010975
1528120800,235.60567339312811,237.79002571798185,238.08761002970886,50.64965388694456,20.403500951131317,442.32112581891835
1528124400,234.63957747858692,235.1170866316753,234.24284550766478,109.86751537322884,312.49974671682355,250.26592044832145
1528128000,233.76814690188567,233.91761553113582,233.1282920560907,161.86635958354685,52.37188786188883,226.11762049356824
1528131600,233.75730321024798,232.83314215619203,232.66339050512138,160.05990249634172,61.822469215386626,244.7665774408849
1528135200,234.62474828546195,234.69250790683108,234.4959815285273,137.96372830709524,276.8608366077101,142.72051717122844
